strategy,calibration,model,mode,max_abs_difference_K
grouping,clean,OV1992,quadratic,1.1368683772161603e-13
grouping,clean,OV1992,nodes,5.684341886080802e-14
grouping,clean,OV1992,quadratic_noisy,1.1368683772161603e-13
grouping,clean,FO1996,quadratic,1.1368683772161603e-13
grouping,clean,FO1996,nodes,1.1368683772161603e-13
grouping,clean,FO1996,quadratic_noisy,1.7053025658242404e-13
grouping,clean,PR1984,quadratic,1.7053025658242404e-13
grouping,clean,PR1984,nodes,1.7053025658242404e-13
grouping,clean,PR1984,quadratic_noisy,2.2737367544323206e-13
grouping,clean,UC1985,quadratic,1.7053025658242404e-13
grouping,clean,UC1985,nodes,1.1368683772161603e-13
grouping,clean,UC1985,quadratic_noisy,1.1368683772161603e-13
grouping,clean,BL-WD,quadratic,1.7053025658242404e-13
grouping,clean,BL-WD,nodes,1.1368683772161603e-13
grouping,clean,BL-WD,quadratic_noisy,1.7053025658242404e-13
grouping,clean,PP1991,quadratic,1.1368683772161603e-13
grouping,clean,PP1991,nodes,1.1368683772161603e-13
grouping,clean,PP1991,quadratic_noisy,1.7053025658242404e-13
grouping,clean,VI1991,quadratic,1.1368683772161603e-13
grouping,clean,VI1991,nodes,1.1368683772161603e-13
grouping,clean,VI1991,quadratic_noisy,1.1368683772161603e-13
grouping,clean,UL1994,quadratic,1.7053025658242404e-13
grouping,clean,UL1994,nodes,1.1368683772161603e-13
grouping,clean,UL1994,quadratic_noisy,1.1368683772161603e-13
grouping,clean,WA2014,quadratic,1.7053025658242404e-13
grouping,clean,WA2014,nodes,1.1368683772161603e-13
grouping,clean,WA2014,quadratic_noisy,1.1368683772161603e-13
grouping,clean,LY2019,quadratic,2.2737367544323206e-13
grouping,clean,LY2019,nodes,1.7053025658242404e-13
grouping,clean,LY2019,quadratic_noisy,1.7053025658242404e-13
grouping,clean,FOW1996,quadratic,6.178879630169831e-11
grouping,clean,FOW1996,nodes,3.092281986027956e-11
grouping,clean,FOW1996,quadratic_noisy,6.372147254296578e-11
grouping,clean,SO1991,quadratic,1.7053025658242404e-13
grouping,clean,SO1991,nodes,1.7053025658242404e-13
grouping,clean,SO1991,quadratic_noisy,1.7053025658242404e-13
grouping,clean,ULW1994,quadratic,1.7053025658242404e-13
grouping,clean,ULW1994,nodes,1.1368683772161603e-13
grouping,clean,ULW1994,quadratic_noisy,1.7053025658242404e-13
grouping,clean,CO1994,quadratic,1.3869794202037156e-11
grouping,clean,CO1994,nodes,1.2505552149377763e-12
grouping,clean,CO1994,quadratic_noisy,8.697043085703626e-12
grouping,clean,SR2000,quadratic,1.1368683772161603e-13
grouping,clean,SR2000,nodes,1.1368683772161603e-13
grouping,clean,SR2000,quadratic_noisy,1.1368683772161603e-13
grouping,clean,MT2002,quadratic,1.7053025658242404e-13
grouping,clean,MT2002,nodes,1.1368683772161603e-13
grouping,clean,MT2002,quadratic_noisy,1.7053025658242404e-13
grouping,clean,BL1995,quadratic,1.7053025658242404e-13
grouping,clean,BL1995,nodes,1.7053025658242404e-13
grouping,clean,BL1995,quadratic_noisy,2.2737367544323206e-13
grouping,clean,GA2008,quadratic,1.1368683772161603e-13
grouping,clean,GA2008,nodes,1.1368683772161603e-13
grouping,clean,GA2008,quadratic_noisy,1.7053025658242404e-13
grouping,uncertainty_aware,OV1992,quadratic,1.1368683772161603e-13
grouping,uncertainty_aware,OV1992,nodes,5.684341886080802e-14
grouping,uncertainty_aware,OV1992,quadratic_noisy,1.1368683772161603e-13
grouping,uncertainty_aware,FO1996,quadratic,1.7053025658242404e-13
grouping,uncertainty_aware,FO1996,nodes,1.1368683772161603e-13
grouping,uncertainty_aware,FO1996,quadratic_noisy,1.7053025658242404e-13
grouping,uncertainty_aware,PR1984,quadratic,2.2737367544323206e-13
grouping,uncertainty_aware,PR1984,nodes,1.7053025658242404e-13
grouping,uncertainty_aware,PR1984,quadratic_noisy,2.2737367544323206e-13
grouping,uncertainty_aware,UC1985,quadratic,1.1368683772161603e-13
grouping,uncertainty_aware,UC1985,nodes,1.1368683772161603e-13
grouping,uncertainty_aware,UC1985,quadratic_noisy,1.1368683772161603e-13
grouping,uncertainty_aware,BL-WD,quadratic,1.7053025658242404e-13
grouping,uncertainty_aware,BL-WD,nodes,1.1368683772161603e-13
grouping,uncertainty_aware,BL-WD,quadratic_noisy,1.7053025658242404e-13
grouping,uncertainty_aware,PP1991,quadratic,1.1368683772161603e-13
grouping,uncertainty_aware,PP1991,nodes,1.1368683772161603e-13
grouping,uncertainty_aware,PP1991,quadratic_noisy,1.7053025658242404e-13
grouping,uncertainty_aware,VI1991,quadratic,1.1368683772161603e-13
grouping,uncertainty_aware,VI1991,nodes,1.1368683772161603e-13
grouping,uncertainty_aware,VI1991,quadratic_noisy,1.7053025658242404e-13
grouping,uncertainty_aware,UL1994,quadratic,1.7053025658242404e-13
grouping,uncertainty_aware,UL1994,nodes,1.1368683772161603e-13
grouping,uncertainty_aware,UL1994,quadratic_noisy,1.7053025658242404e-13
grouping,uncertainty_aware,WA2014,quadratic,2.2737367544323206e-13
grouping,uncertainty_aware,WA2014,nodes,1.1368683772161603e-13
grouping,uncertainty_aware,WA2014,quadratic_noisy,1.7053025658242404e-13
grouping,uncertainty_aware,LY2019,quadratic,1.7053025658242404e-13
grouping,uncertainty_aware,LY2019,nodes,1.7053025658242404e-13
grouping,uncertainty_aware,LY2019,quadratic_noisy,1.7053025658242404e-13
grouping,uncertainty_aware,FOW1996,quadratic,4.3655745685100555e-11
grouping,uncertainty_aware,FOW1996,nodes,4.547473508864641e-12
grouping,uncertainty_aware,FOW1996,quadratic_noisy,4.8203219193965197e-11
grouping,uncertainty_aware,SO1991,quadratic,2.2737367544323206e-13
grouping,uncertainty_aware,SO1991,nodes,2.2737367544323206e-13
grouping,uncertainty_aware,SO1991,quadratic_noisy,1.7053025658242404e-13
grouping,uncertainty_aware,ULW1994,quadratic,1.7053025658242404e-13
grouping,uncertainty_aware,ULW1994,nodes,1.1368683772161603e-13
grouping,uncertainty_aware,ULW1994,quadratic_noisy,1.7053025658242404e-13
grouping,uncertainty_aware,CO1994,quadratic,4.604316927725449e-12
grouping,uncertainty_aware,CO1994,nodes,9.663381206337363e-13
grouping,uncertainty_aware,CO1994,quadratic_noisy,4.774847184307873e-12
grouping,uncertainty_aware,SR2000,quadratic,1.7053025658242404e-13
grouping,uncertainty_aware,SR2000,nodes,1.1368683772161603e-13
grouping,uncertainty_aware,SR2000,quadratic_noisy,1.7053025658242404e-13
grouping,uncertainty_aware,MT2002,quadratic,2.2737367544323206e-13
grouping,uncertainty_aware,MT2002,nodes,1.1368683772161603e-13
grouping,uncertainty_aware,MT2002,quadratic_noisy,2.2737367544323206e-13
grouping,uncertainty_aware,BL1995,quadratic,1.7053025658242404e-13
grouping,uncertainty_aware,BL1995,nodes,1.7053025658242404e-13
grouping,uncertainty_aware,BL1995,quadratic_noisy,1.7053025658242404e-13
grouping,uncertainty_aware,GA2008,quadratic,1.7053025658242404e-13
grouping,uncertainty_aware,GA2008,nodes,1.1368683772161603e-13
grouping,uncertainty_aware,GA2008,quadratic_noisy,1.7053025658242404e-13
parameterization,clean,OV1992,quadratic,1.1368683772161603e-13
parameterization,clean,OV1992,quadratic_noisy,1.1368683772161603e-13
parameterization,clean,FO1996,quadratic,1.1368683772161603e-13
parameterization,clean,FO1996,quadratic_noisy,1.1368683772161603e-13
parameterization,clean,PR1984,quadratic,4.547473508864641e-13
parameterization,clean,PR1984,quadratic_noisy,5.115907697472721e-13
parameterization,clean,UC1985,quadratic,1.1368683772161603e-13
parameterization,clean,UC1985,quadratic_noisy,1.1368683772161603e-13
parameterization,clean,BL-WD,quadratic,5.684341886080802e-14
parameterization,clean,BL-WD,quadratic_noisy,1.1368683772161603e-13
parameterization,clean,PP1991,quadratic,1.1368683772161603e-13
parameterization,clean,PP1991,quadratic_noisy,1.1368683772161603e-13
parameterization,clean,VI1991,quadratic,4.547473508864641e-13
parameterization,clean,VI1991,quadratic_noisy,4.547473508864641e-13
parameterization,clean,UL1994,quadratic,1.1368683772161603e-13
parameterization,clean,UL1994,quadratic_noisy,5.684341886080802e-14
parameterization,clean,WA2014,quadratic,5.684341886080802e-14
parameterization,clean,WA2014,quadratic_noisy,1.1368683772161603e-13
parameterization,clean,LY2019,quadratic,5.115907697472721e-13
parameterization,clean,LY2019,quadratic_noisy,5.115907697472721e-13
parameterization,clean,FOW1996,quadratic,1.8189894035458565e-12
parameterization,clean,FOW1996,quadratic_noisy,2.3305801732931286e-12
parameterization,clean,SO1991,quadratic,4.547473508864641e-13
parameterization,clean,SO1991,quadratic_noisy,2.8421709430404007e-13
parameterization,clean,ULW1994,quadratic,1.1368683772161603e-13
parameterization,clean,ULW1994,quadratic_noisy,1.1368683772161603e-13
parameterization,clean,CO1994,quadratic,4.547473508864641e-13
parameterization,clean,CO1994,quadratic_noisy,4.547473508864641e-13
parameterization,clean,SR2000,quadratic,1.1368683772161603e-13
parameterization,clean,SR2000,quadratic_noisy,1.1368683772161603e-13
parameterization,clean,MT2002,quadratic,1.1368683772161603e-13
parameterization,clean,MT2002,quadratic_noisy,1.1368683772161603e-13
parameterization,clean,BL1995,quadratic,1.1368683772161603e-13
parameterization,clean,BL1995,quadratic_noisy,1.1368683772161603e-13
parameterization,clean,GA2008,quadratic,1.1368683772161603e-13
parameterization,clean,GA2008,quadratic_noisy,1.1368683772161603e-13
parameterization,uncertainty_aware,OV1992,quadratic,2.2737367544323206e-13
parameterization,uncertainty_aware,OV1992,quadratic_noisy,2.2737367544323206e-13
parameterization,uncertainty_aware,FO1996,quadratic,1.7053025658242404e-13
parameterization,uncertainty_aware,FO1996,quadratic_noisy,1.7053025658242404e-13
parameterization,uncertainty_aware,PR1984,quadratic,5.684341886080801e-13
parameterization,uncertainty_aware,PR1984,quadratic_noisy,5.684341886080801e-13
parameterization,uncertainty_aware,UC1985,quadratic,1.1368683772161603e-13
parameterization,uncertainty_aware,UC1985,quadratic_noisy,1.1368683772161603e-13
parameterization,uncertainty_aware,BL-WD,quadratic,1.1368683772161603e-13
parameterization,uncertainty_aware,BL-WD,quadratic_noisy,1.7053025658242404e-13
parameterization,uncertainty_aware,PP1991,quadratic,1.1368683772161603e-13
parameterization,uncertainty_aware,PP1991,quadratic_noisy,1.1368683772161603e-13
parameterization,uncertainty_aware,VI1991,quadratic,4.547473508864641e-13
parameterization,uncertainty_aware,VI1991,quadratic_noisy,4.547473508864641e-13
parameterization,uncertainty_aware,UL1994,quadratic,1.1368683772161603e-13
parameterization,uncertainty_aware,UL1994,quadratic_noisy,1.7053025658242404e-13
parameterization,uncertainty_aware,WA2014,quadratic,1.7053025658242404e-13
parameterization,uncertainty_aware,WA2014,quadratic_noisy,1.1368683772161603e-13
parameterization,uncertainty_aware,LY2019,quadratic,9.094947017729282e-13
parameterization,uncertainty_aware,LY2019,quadratic_noisy,1.0231815394945443e-12
parameterization,uncertainty_aware,FOW1996,quadratic,5.229594535194337e-12
parameterization,uncertainty_aware,FOW1996,quadratic_noisy,5.9117155615240335e-12
parameterization,uncertainty_aware,SO1991,quadratic,4.547473508864641e-13
parameterization,uncertainty_aware,SO1991,quadratic_noisy,4.547473508864641e-13
parameterization,uncertainty_aware,ULW1994,quadratic,1.1368683772161603e-13
parameterization,uncertainty_aware,ULW1994,quadratic_noisy,1.1368683772161603e-13
parameterization,uncertainty_aware,CO1994,quadratic,3.637978807091713e-12
parameterization,uncertainty_aware,CO1994,quadratic_noisy,3.637978807091713e-12
parameterization,uncertainty_aware,SR2000,quadratic,1.1368683772161603e-13
parameterization,uncertainty_aware,SR2000,quadratic_noisy,1.1368683772161603e-13
parameterization,uncertainty_aware,MT2002,quadratic,1.7053025658242404e-13
parameterization,uncertainty_aware,MT2002,quadratic_noisy,1.1368683772161603e-13
parameterization,uncertainty_aware,BL1995,quadratic,1.1368683772161603e-13
parameterization,uncertainty_aware,BL1995,quadratic_noisy,1.1368683772161603e-13
parameterization,uncertainty_aware,GA2008,quadratic,1.1368683772161603e-13
parameterization,uncertainty_aware,GA2008,quadratic_noisy,1.1368683772161603e-13
