scenario,strategy,calibration,model,N_total,N_valid,Bias_K,RMSE_K
TD-Clear,grouping,clean,OV1992,10000,10000,-0.12279629840318478,1.274926535798097
TD-Clear,grouping,clean,FO1996,10000,10000,-0.10842702540500301,1.2597115826198741
TD-Clear,grouping,clean,PR1984,10000,10000,0.060982327961799955,0.7746757156049774
TD-Clear,grouping,clean,UC1985,10000,10000,0.027148530337270438,0.9722955866221911
TD-Clear,grouping,clean,BL-WD,10000,10000,0.06163294898776291,0.7745328390195266
TD-Clear,grouping,clean,PP1991,10000,10000,0.06072502072964445,0.8980271402138691
TD-Clear,grouping,clean,VI1991,10000,10000,0.06245840234233907,0.7948268003567174
TD-Clear,grouping,clean,UL1994,10000,10000,0.06283215820771113,0.7949420674803261
TD-Clear,grouping,clean,WA2014,10000,10000,0.0624666261092419,0.7669295836884251
TD-Clear,grouping,clean,LY2019,10000,10000,0.059001472497180296,0.7844091257519924
TD-Clear,grouping,clean,FOW1996,10000,10000,-0.17117675950864525,1.084759227671134
TD-Clear,grouping,clean,SO1991,10000,10000,-0.014577435403966988,0.5194071705302126
TD-Clear,grouping,clean,ULW1994,10000,10000,-0.01815449688025728,0.5562558322937998
TD-Clear,grouping,clean,CO1994,10000,10000,-0.009543470759159718,0.5392892632726155
TD-Clear,grouping,clean,SR2000,10000,10000,-0.01991112154334325,0.5832555141748952
TD-Clear,grouping,clean,MT2002,10000,10000,-0.057852343166918,0.819725518427607
TD-Clear,grouping,clean,BL1995,10000,10000,-0.018050242736361508,0.526000037361875
TD-Clear,grouping,clean,GA2008,10000,10000,-0.020997382338391973,0.5764849811931203
TD-Clear,grouping,uncertainty_aware,OV1992,10000,10000,-0.12469676256167027,1.2779741692067825
TD-Clear,grouping,uncertainty_aware,FO1996,10000,10000,-0.11190339401521916,1.2612186128801433
TD-Clear,grouping,uncertainty_aware,PR1984,10000,10000,-0.009981929626741756,0.9344364272053163
TD-Clear,grouping,uncertainty_aware,UC1985,10000,10000,-0.018908312319671786,1.0038393354379591
TD-Clear,grouping,uncertainty_aware,BL-WD,10000,10000,-0.009875793060075867,0.9284298453421501
TD-Clear,grouping,uncertainty_aware,PP1991,10000,10000,-0.035939239143524704,0.9950266368769436
TD-Clear,grouping,uncertainty_aware,VI1991,10000,10000,-0.009517247564766072,0.9429157227789332
TD-Clear,grouping,uncertainty_aware,UL1994,10000,10000,-0.007377988373087706,0.9430262563987892
TD-Clear,grouping,uncertainty_aware,WA2014,10000,10000,-0.008134681829850797,0.9219559051650881
TD-Clear,grouping,uncertainty_aware,LY2019,10000,10000,-0.01122713549820395,0.939124809088486
TD-Clear,grouping,uncertainty_aware,FOW1996,10000,10000,-0.14910240587055335,1.0999299229671944
TD-Clear,grouping,uncertainty_aware,SO1991,10000,10000,-0.03846913832161765,0.7443069297837185
TD-Clear,grouping,uncertainty_aware,ULW1994,10000,10000,-0.054533826286426175,0.7812508587074869
TD-Clear,grouping,uncertainty_aware,CO1994,10000,10000,-0.05416778831409181,0.7909352690233301
TD-Clear,grouping,uncertainty_aware,SR2000,10000,10000,-0.06078621060471904,0.8155902515482651
TD-Clear,grouping,uncertainty_aware,MT2002,10000,10000,-0.07247289843756695,0.8864416518893009
TD-Clear,grouping,uncertainty_aware,BL1995,10000,10000,-0.05552224169584756,0.7458234778205337
TD-Clear,grouping,uncertainty_aware,GA2008,10000,10000,-0.05925288497317859,0.8122357370817932
TD-Clear,parameterization,clean,OV1992,10000,10000,-0.0025684263523243116,0.7425626437910265
TD-Clear,parameterization,clean,FO1996,10000,10000,-0.0036442335397741457,0.7252107660751981
TD-Clear,parameterization,clean,PR1984,10000,10000,0.006042157728242532,0.560130943031867
TD-Clear,parameterization,clean,UC1985,10000,10000,0.0016155292693371536,0.6566119570936718
TD-Clear,parameterization,clean,BL-WD,10000,10000,0.005796383305397339,0.5576417176742755
TD-Clear,parameterization,clean,PP1991,10000,10000,0.00357693488920155,0.668378663190172
TD-Clear,parameterization,clean,VI1991,10000,10000,0.004447541956241105,0.6037397745262896
TD-Clear,parameterization,clean,UL1994,10000,10000,0.004462807602507806,0.6056784757712967
TD-Clear,parameterization,clean,WA2014,10000,10000,0.004729608024932347,0.551988924234691
TD-Clear,parameterization,clean,LY2019,10000,10000,0.006199019711432212,0.5697441374042606
TD-Clear,parameterization,clean,FOW1996,10000,10000,0.007629674857742955,0.5420516475431624
TD-Clear,parameterization,clean,SO1991,10000,10000,0.005832403142890024,0.533142254244453
TD-Clear,parameterization,clean,ULW1994,10000,10000,0.004648405192014931,0.5487786558899755
TD-Clear,parameterization,clean,CO1994,10000,10000,0.005631216299366057,0.5340547037756863
TD-Clear,parameterization,clean,SR2000,10000,10000,0.005506643004287201,0.545537382917972
TD-Clear,parameterization,clean,MT2002,10000,10000,0.005944885432805003,0.5989810410498818
TD-Clear,parameterization,clean,BL1995,10000,10000,0.005680599613377629,0.5280160867296011
TD-Clear,parameterization,clean,GA2008,10000,10000,0.005883470592567127,0.5403264211289913
TD-Clear,parameterization,uncertainty_aware,OV1992,10000,10000,0.010114078428832713,0.8526130055290717
TD-Clear,parameterization,uncertainty_aware,FO1996,10000,10000,0.006597830311337341,0.8299523380754052
TD-Clear,parameterization,uncertainty_aware,PR1984,10000,10000,0.041002330227719916,0.7892365969881321
TD-Clear,parameterization,uncertainty_aware,UC1985,10000,10000,0.0073089775929088266,0.82574549403633
TD-Clear,parameterization,uncertainty_aware,BL-WD,10000,10000,0.037171301896543184,0.7867016534723087
TD-Clear,parameterization,uncertainty_aware,PP1991,10000,10000,0.016471233989768404,0.872213807776756
TD-Clear,parameterization,uncertainty_aware,VI1991,10000,10000,0.02203961392815515,0.817384909030283
TD-Clear,parameterization,uncertainty_aware,UL1994,10000,10000,0.020824854372323936,0.8168460467865222
TD-Clear,parameterization,uncertainty_aware,WA2014,10000,10000,0.016053570129252515,0.765729964145715
TD-Clear,parameterization,uncertainty_aware,LY2019,10000,10000,0.024701967133925556,0.7931554093995512
TD-Clear,parameterization,uncertainty_aware,FOW1996,10000,10000,0.010210685031088226,0.7425527605679684
TD-Clear,parameterization,uncertainty_aware,SO1991,10000,10000,0.026105897965303028,0.7500607508424156
TD-Clear,parameterization,uncertainty_aware,ULW1994,10000,10000,0.020954932887301523,0.764143762412942
TD-Clear,parameterization,uncertainty_aware,CO1994,10000,10000,0.016086920556737494,0.7445366557652022
TD-Clear,parameterization,uncertainty_aware,SR2000,10000,10000,0.018207508238001074,0.7613797783808405
TD-Clear,parameterization,uncertainty_aware,MT2002,10000,10000,0.006429726716151063,0.7790596131664885
TD-Clear,parameterization,uncertainty_aware,BL1995,10000,10000,0.026995928889602373,0.7507434731770085
TD-Clear,parameterization,uncertainty_aware,GA2008,10000,10000,0.030308166186499612,0.7493640492989325
TD-All,grouping,clean,OV1992,10000,10000,-0.12357477918392808,1.372150380638111
TD-All,grouping,clean,FO1996,10000,10000,-0.10570921058873455,1.3562137844386792
TD-All,grouping,clean,PR1984,10000,10000,0.07123020574696662,2.135005820197199
TD-All,grouping,clean,UC1985,10000,10000,0.02750055620505491,1.2018733709803082
TD-All,grouping,clean,BL-WD,10000,10000,0.07138453213157067,2.137415518018017
TD-All,grouping,clean,PP1991,10000,10000,0.07231558910189938,1.3998772505099113
TD-All,grouping,clean,VI1991,10000,10000,0.08082727160379008,2.013340107597066
TD-All,grouping,clean,UL1994,10000,10000,0.0796497179735177,2.012417980251601
TD-All,grouping,clean,WA2014,10000,10000,0.06995020942984245,2.1566247105492073
TD-All,grouping,clean,LY2019,10000,10000,0.07749062363762994,2.00582385832835
TD-All,grouping,clean,FOW1996,10000,10000,-0.1836213532309576,1.2157149983573867
TD-All,grouping,clean,SO1991,10000,10000,0.0964297034131527,1.9443625941316132
TD-All,grouping,clean,ULW1994,10000,10000,-0.005758088105284054,1.734307404666871
TD-All,grouping,clean,CO1994,10000,10000,0.0015635057453120965,2.2624964326871035
TD-All,grouping,clean,SR2000,10000,10000,0.0017107522594879527,1.8512526206689326
TD-All,grouping,clean,MT2002,10000,10000,-0.07368212691757267,1.1049235941277817
TD-All,grouping,clean,BL1995,10000,10000,-0.00799923522023742,1.7992410651198996
TD-All,grouping,clean,GA2008,10000,10000,0.00048705188318409965,1.8641792903733934
TD-All,grouping,uncertainty_aware,OV1992,10000,10000,-0.12553599904317833,1.375266362115821
TD-All,grouping,uncertainty_aware,FO1996,10000,10000,-0.10967097310340851,1.357771643832741
TD-All,grouping,uncertainty_aware,PR1984,10000,10000,-0.007966968751220167,1.136932110253243
TD-All,grouping,uncertainty_aware,UC1985,10000,10000,-0.018770342837950305,1.1783686951095582
TD-All,grouping,uncertainty_aware,BL-WD,10000,10000,-0.007640730364277752,1.1327464402744958
TD-All,grouping,uncertainty_aware,PP1991,10000,10000,-0.0354680173515657,1.2890680662469067
TD-All,grouping,uncertainty_aware,VI1991,10000,10000,-0.005982794668946619,1.1410701803356038
TD-All,grouping,uncertainty_aware,UL1994,10000,10000,-0.005852274114853114,1.1412027351301546
TD-All,grouping,uncertainty_aware,WA2014,10000,10000,-0.009253840706543053,1.122801325825201
TD-All,grouping,uncertainty_aware,LY2019,10000,10000,-0.00792044349580115,1.1391879761053423
TD-All,grouping,uncertainty_aware,FOW1996,10000,10000,-0.15494529856643177,1.2094469782768695
TD-All,grouping,uncertainty_aware,SO1991,10000,10000,-0.05729531916493454,0.9876495004210413
TD-All,grouping,uncertainty_aware,ULW1994,10000,10000,-0.0546823626270382,1.0032335395751408
TD-All,grouping,uncertainty_aware,CO1994,10000,10000,-0.06045681008166737,1.0133947981136875
TD-All,grouping,uncertainty_aware,SR2000,10000,10000,-0.06574921965686006,1.027343119475333
TD-All,grouping,uncertainty_aware,MT2002,10000,10000,-0.07991018981309653,1.0734752827349074
TD-All,grouping,uncertainty_aware,BL1995,10000,10000,-0.05850638194517742,0.9889120270140856
TD-All,grouping,uncertainty_aware,GA2008,10000,10000,-0.06424543361101258,1.024546627635148
TD-All,parameterization,clean,OV1992,10000,10000,-0.013967807702102798,1.5500470420523456
TD-All,parameterization,clean,FO1996,10000,10000,-0.015521782652983566,1.5328605688919055
TD-All,parameterization,clean,PR1984,10000,10000,0.06031910881592157,2.126867039514954
TD-All,parameterization,clean,UC1985,10000,10000,0.00429191397274796,1.810573361308799
TD-All,parameterization,clean,BL-WD,10000,10000,0.020814442782143085,2.127343499610255
TD-All,parameterization,clean,PP1991,10000,10000,0.03393861388767486,2.029206190649517
TD-All,parameterization,clean,VI1991,10000,10000,0.004172710777731029,2.053498419921865
TD-All,parameterization,clean,UL1994,10000,10000,0.020260514739214718,2.0539138791428138
TD-All,parameterization,clean,WA2014,10000,10000,0.02229154147355346,2.067398076531632
TD-All,parameterization,clean,LY2019,10000,10000,0.009279454634260663,2.0659875535668477
TD-All,parameterization,clean,FOW1996,10000,10000,0.0077213342436505345,2.371958529973712
TD-All,parameterization,clean,SO1991,10000,10000,0.11471815017333893,2.3150412940715954
TD-All,parameterization,clean,ULW1994,10000,10000,0.008988620684129566,2.2939549977723606
TD-All,parameterization,clean,CO1994,10000,10000,0.01786060213358668,2.216676409296857
TD-All,parameterization,clean,SR2000,10000,10000,0.007840942408618741,2.285430608143013
TD-All,parameterization,clean,MT2002,10000,10000,0.009423487969568677,1.9318629832693148
TD-All,parameterization,clean,BL1995,10000,10000,0.07676400170765575,2.3848744851891985
TD-All,parameterization,clean,GA2008,10000,10000,0.01420368699602374,2.289040125190645
TD-All,parameterization,uncertainty_aware,OV1992,10000,10000,-0.002864440892625268,1.0875253016902011
TD-All,parameterization,uncertainty_aware,FO1996,10000,10000,-0.006942116380194395,1.0644063264974555
TD-All,parameterization,uncertainty_aware,PR1984,10000,10000,-0.0006399498418917006,1.0464939975133316
TD-All,parameterization,uncertainty_aware,UC1985,10000,10000,-0.0017680061152831543,1.0730052315445586
TD-All,parameterization,uncertainty_aware,BL-WD,10000,10000,0.0001947540138665943,1.0438514243770842
TD-All,parameterization,uncertainty_aware,PP1991,10000,10000,0.004542053411632009,1.1227938938388946
TD-All,parameterization,uncertainty_aware,VI1991,10000,10000,-0.002764005407582846,1.0683931555256891
TD-All,parameterization,uncertainty_aware,UL1994,10000,10000,-0.0031854376146182206,1.069328063531834
TD-All,parameterization,uncertainty_aware,WA2014,10000,10000,-0.005555726867337973,1.0199107848578615
TD-All,parameterization,uncertainty_aware,LY2019,10000,10000,-0.0007179392951201777,1.049038405903558
TD-All,parameterization,uncertainty_aware,FOW1996,10000,10000,0.000446202908463431,0.992073491186429
TD-All,parameterization,uncertainty_aware,SO1991,10000,10000,-0.0026369722005687977,0.9957427478059376
TD-All,parameterization,uncertainty_aware,ULW1994,10000,10000,-0.0042284570725394585,1.017318253577337
TD-All,parameterization,uncertainty_aware,CO1994,10000,10000,-0.003129884249536465,1.0033420365723404
TD-All,parameterization,uncertainty_aware,SR2000,10000,10000,-0.005593162195748684,1.01640982133419
TD-All,parameterization,uncertainty_aware,MT2002,10000,10000,-0.0025072567992504785,1.0255096370772834
TD-All,parameterization,uncertainty_aware,BL1995,10000,10000,-0.004134902866440512,1.0009488884211029
TD-All,parameterization,uncertainty_aware,GA2008,10000,10000,-0.004749972371803344,1.003088812051652
